{
  "dt_sec": 0.02,
  "points_deg": [
    [
      0.0,
      5156.620156177409,
      0.0,
      0.0,
      -5156.620156177409,
      0.0
    ],
    [
      0.6266661678215213,
      5157.246822345231,
      0.6266661678215213,
      0.6266661678215213,
      -5155.993490009587,
      0.6266661678215213
    ],
    [
      1.243449435824274,
      5157.863605613233,
      1.243449435824274,
      1.243449435824274,
      -5155.376706741585,
      1.243449435824274
    ],
    [
      1.8406227634233896,
      5158.460778940832,
      1.8406227634233896,
      1.8406227634233896,
      -5154.7795334139855,
      1.8406227634233896
    ],
    [
      2.4087683705085765,
      5159.028924547917,
      2.4087683705085765,
      2.4087683705085765,
      -5154.2113878069,
      2.4087683705085765
    ],
    [
      2.938926261462366,
      5159.559082438871,
      2.938926261462366,
      2.938926261462366,
      -5153.6812299159465,
      2.938926261462366
    ],
    [
      3.422735529643443,
      5160.042891707052,
      3.422735529643443,
      3.422735529643443,
      -5153.197420647765,
      3.422735529643443
    ],
    [
      3.852566213878946,
      5160.472722391288,
      3.852566213878946,
      3.852566213878946,
      -5152.76758996353,
      3.852566213878946
    ],
    [
      4.221639627510076,
      5160.841795804919,
      4.221639627510076,
      4.221639627510076,
      -5152.398516549899,
      4.221639627510076
    ],
    [
      4.524135262330098,
      5161.1442914397385,
      4.524135262330098,
      4.524135262330098,
      -5152.096020915079,
      4.524135262330098
    ],
    [
      4.755282581475767,
      5161.375438758884,
      4.755282581475767,
      4.755282581475767,
      -5151.864873595933,
      4.755282581475767
    ],
    [
      4.911436253643443,
      5161.531592431053,
      4.911436253643443,
      4.911436253643443,
      -5151.708719923765,
      4.911436253643443
    ],
    [
      4.990133642141358,
      5161.61028981955,
      4.990133642141358,
      4.990133642141358,
      -5151.630022535267,
      4.990133642141358
    ],
    [
      4.990133642141358,
      5161.61028981955,
      4.990133642141358,
      4.990133642141358,
      -5151.630022535267,
      4.990133642141358
    ],
    [
      4.911436253643443,
      5161.531592431053,
      4.911436253643443,
      4.911436253643443,
      -5151.708719923765,
      4.911436253643443
    ],
    [
      4.755282581475768,
      5161.375438758884,
      4.755282581475768,
      4.755282581475768,
      -5151.864873595933,
      4.755282581475768
    ],
    [
      4.524135262330097,
      5161.1442914397385,
      4.524135262330097,
      4.524135262330097,
      -5152.096020915079,
      4.524135262330097
    ],
    [
      4.221639627510075,
      5160.841795804919,
      4.221639627510075,
      4.221639627510075,
      -5152.398516549899,
      4.221639627510075
    ],
    [
      3.852566213878946,
      5160.472722391288,
      3.852566213878946,
      3.852566213878946,
      -5152.76758996353,
      3.852566213878946
    ],
    [
      3.422735529643444,
      5160.042891707052,
      3.422735529643444,
      3.422735529643444,
      -5153.197420647765,
      3.422735529643444
    ],
    [
      2.9389262614623664,
      5159.559082438871,
      2.9389262614623664,
      2.9389262614623664,
      -5153.6812299159465,
      2.9389262614623664
    ],
    [
      2.408768370508578,
      5159.028924547917,
      2.408768370508578,
      2.408768370508578,
      -5154.2113878069,
      2.408768370508578
    ],
    [
      1.8406227634233907,
      5158.460778940832,
      1.8406227634233907,
      1.8406227634233907,
      -5154.7795334139855,
      1.8406227634233907
    ],
    [
      1.243449435824274,
      5157.863605613233,
      1.243449435824274,
      1.243449435824274,
      -5155.376706741585,
      1.243449435824274
    ],
    [
      0.6266661678215226,
      5157.246822345231,
      0.6266661678215226,
      0.6266661678215226,
      -5155.993490009587,
      0.6266661678215226
    ],
    [
      6.123233995736766e-16,
      5156.620156177409,
      6.123233995736766e-16,
      6.123233995736766e-16,
      -5156.620156177409,
      6.123233995736766e-16
    ],
    [
      -0.6266661678215214,
      5155.993490009587,
      -0.6266661678215214,
      -0.6266661678215214,
      -5157.246822345231,
      -0.6266661678215214
    ],
    [
      -1.2434494358242751,
      5155.376706741585,
      -1.2434494358242751,
      -1.2434494358242751,
      -5157.863605613233,
      -1.2434494358242751
    ],
    [
      -1.8406227634233916,
      5154.7795334139855,
      -1.8406227634233916,
      -1.8406227634233916,
      -5158.460778940832,
      -1.8406227634233916
    ],
    [
      -2.408768370508575,
      5154.2113878069,
      -2.408768370508575,
      -2.408768370508575,
      -5159.028924547917,
      -2.408768370508575
    ],
    [
      -2.938926261462365,
      5153.6812299159465,
      -2.938926261462365,
      -2.938926261462365,
      -5159.559082438871,
      -2.938926261462365
    ],
    [
      -3.4227355296434436,
      5153.197420647765,
      -3.4227355296434436,
      -3.4227355296434436,
      -5160.042891707052,
      -3.4227355296434436
    ],
    [
      -3.852566213878947,
      5152.76758996353,
      -3.852566213878947,
      -3.852566213878947,
      -5160.472722391288,
      -3.852566213878947
    ],
    [
      -4.2216396275100765,
      5152.398516549899,
      -4.2216396275100765,
      -4.2216396275100765,
      -5160.841795804919,
      -4.2216396275100765
    ],
    [
      -4.524135262330099,
      5152.096020915079,
      -4.524135262330099,
      -4.524135262330099,
      -5161.1442914397385,
      -4.524135262330099
    ],
    [
      -4.755282581475767,
      5151.864873595933,
      -4.755282581475767,
      -4.755282581475767,
      -5161.375438758884,
      -4.755282581475767
    ],
    [
      -4.911436253643443,
      5151.708719923765,
      -4.911436253643443,
      -4.911436253643443,
      -5161.531592431053,
      -4.911436253643443
    ],
    [
      -4.990133642141358,
      5151.630022535267,
      -4.990133642141358,
      -4.990133642141358,
      -5161.61028981955,
      -4.990133642141358
    ],
    [
      -4.990133642141358,
      5151.630022535267,
      -4.990133642141358,
      -4.990133642141358,
      -5161.61028981955,
      -4.990133642141358
    ],
    [
      -4.911436253643443,
      5151.708719923765,
      -4.911436253643443,
      -4.911436253643443,
      -5161.531592431053,
      -4.911436253643443
    ],
    [
      -4.755282581475768,
      5151.864873595933,
      -4.755282581475768,
      -4.755282581475768,
      -5161.375438758884,
      -4.755282581475768
    ],
    [
      -4.524135262330098,
      5152.096020915079,
      -4.524135262330098,
      -4.524135262330098,
      -5161.1442914397385,
      -4.524135262330098
    ],
    [
      -4.221639627510077,
      5152.398516549899,
      -4.221639627510077,
      -4.221639627510077,
      -5160.841795804919,
      -4.221639627510077
    ],
    [
      -3.852566213878948,
      5152.76758996353,
      -3.852566213878948,
      -3.852566213878948,
      -5160.472722391288,
      -3.852566213878948
    ],
    [
      -3.422735529643445,
      5153.197420647765,
      -3.422735529643445,
      -3.422735529643445,
      -5160.042891707052,
      -3.422735529643445
    ],
    [
      -2.938926261462367,
      5153.6812299159465,
      -2.938926261462367,
      -2.938926261462367,
      -5159.559082438871,
      -2.938926261462367
    ],
    [
      -2.4087683705085765,
      5154.2113878069,
      -2.4087683705085765,
      -2.4087683705085765,
      -5159.028924547917,
      -2.4087683705085765
    ],
    [
      -1.8406227634233894,
      5154.7795334139855,
      -1.8406227634233894,
      -1.8406227634233894,
      -5158.460778940832,
      -1.8406227634233894
    ],
    [
      -1.2434494358242767,
