{
  "dt_sec": 0.02,
  "points_deg": [
    [
      0.0,
      5156.620156177409,
      0.0,
      0.0,
      -5156.620156177409,
      0.0
    ],
    [
      0.02513009544333748,
      5156.645286272852,
      0.02513009544333748,
      0.02513009544333748,
      -5156.595026081965,
      0.02513009544333748
    ],
    [
      0.050244318179769556,
      5156.670400495588,
      0.050244318179769556,
      0.050244318179769556,
      -5156.569911859229,
      0.050244318179769556
    ],
    [
      0.07532680552793272,
      5156.6954829829365,
      0.07532680552793272,
      0.07532680552793272,
      -5156.544829371881,
      0.07532680552793272
    ],
    [
      0.1003617148512149,
      5156.7205178922595,
      0.1003617148512149,
      0.1003617148512149,
      -5156.519794462558,
      0.1003617148512149
    ],
    [
      0.12533323356430426,
      5156.745489410973,
      0.12533323356430426,
      0.12533323356430426,
      -5156.494822943844,
      0.12533323356430426
    ],
    [
      0.15022558912075706,
      5156.77038176653,
      0.15022558912075706,
      0.15022558912075706,
      -5156.469930588288,
      0.15022558912075706
    ],
    [
      0.17502305897527606,
      5156.795179236384,
      0.17502305897527606,
      0.17502305897527606,
      -5156.445133118434,
      0.17502305897527606
    ],
    [
      0.19970998051440703,
      5156.819866157924,
      0.19970998051440703,
      0.19970998051440703,
      -5156.420446196894,
      0.19970998051440703
    ],
    [
      0.22427076094938117,
      5156.844426938358,
      0.22427076094938117,
      0.22427076094938117,
      -5156.395885416459,
      0.22427076094938117
    ],
    [
      0.2486898871648548,
      5156.8688460645735,
      0.2486898871648548,
      0.2486898871648548,
      -5156.371466290244,
      0.2486898871648548
    ],
    [
      0.2729519355173252,
      5156.893108112926,
      0.2729519355173252,
      0.2729519355173252,
      -5156.347204241892,
      0.2729519355173252
    ],
    [
      0.2970415815770349,
      5156.917197758986,
      0.2970415815770349,
      0.2970415815770349,
      -5156.323114595832,
      0.2970415815770349
    ],
    [
      0.3209436098072095,
      5156.9410997872155,
      0.3209436098072095,
      0.3209436098072095,
      -5156.299212567602,
      0.3209436098072095
    ],
    [
      0.34464292317451706,
      5156.964799100583,
      0.34464292317451706,
      0.34464292317451706,
      -5156.275513254234,
      0.34464292317451706
    ],
    [
      0.3681245526846779,
      5156.988280730094,
      0.3681245526846779,
      0.3681245526846779,
      -5156.252031624724,
      0.3681245526846779
    ],
    [
      0.3913736668372024,
      5157.011529844246,
      0.3913736668372024,
      0.3913736668372024,
      -5156.228782510571,
      0.3913736668372024
    ],
    [
      0.41437558099328414,
      5157.034531758402,
      0.41437558099328414,
      0.41437558099328414,
      -5156.205780596415,
      0.41437558099328414
    ],
    [
      0.4371157666509329,
      5157.05727194406,
      0.4371157666509329,
      0.4371157666509329,
      -5156.183040410758,
      0.4371157666509329
    ],
    [
      0.4595798606214878,
      5157.07973603803,
      0.4595798606214878,
      0.4595798606214878,
      -5156.160576316787,
      0.4595798606214878
    ],
    [
      0.4817536741017153,
      5157.101909851511,
      0.4817536741017153,
      0.4817536741017153,
      -5156.138402503307,
      0.4817536741017153
    ],
    [
      0.5036232016357608,
      5157.123779379044,
      0.5036232016357608,
      0.5036232016357608,
      -5156.116532975773,
      0.5036232016357608
    ],
    [
      0.5251746299612957,
      5157.14533080737,
      0.5251746299612957,
      0.5251746299612957,
      -5156.094981547448,
      0.5251746299612957
    ],
    [
      0.5463943467342691,
      5157.166550524143,
      0.5463943467342691,
      0.5463943467342691,
      -5156.073761830675,
      0.5463943467342691
    ],
    [
      0.5672689491267565,
      5157.187425126535,
      0.5672689491267565,
      0.5672689491267565,
      -5156.052887228282,
      0.5672689491267565
    ],
    [
      0.5877852522924731,
      5157.207941429701,
      0.5877852522924731,
      0.5877852522924731,
      -5156.032370925116,
      0.5877852522924731
    ],
    [
      0.6079302976946054,
      5157.228086475104,
      0.6079302976946054,
      0.6079302976946054,
      -5156.012225879714,
      0.6079302976946054
    ],
    [
      0.6276913612907006,
      5157.2478475387,
      0.6276913612907006,
      0.6276913612907006,
      -5155.992464816118,
      0.6276913612907006
    ],
    [
      0.6470559615694443,
      5157.267212138978,
      0.6470559615694443,
      0.6470559615694443,
      -5155.97310021584,
      0.6470559615694443
    ],
    [
      0.6660118674342516,
      5157.286168044843,
      0.6660118674342516,
      0.6660118674342516,
      -5155.954144309974,
      0.6660118674342516
    ],
    [
      0.6845471059286886,
      5157.304703283337,
      0.6845471059286886,
      0.6845471059286886,
      -5155.93560907148,
      0.6845471059286886
    ],
    [
      0.7026499697988492,
      5157.322806147207,
      0.7026499697988492,
      0.7026499697988492,
      -5155.91750620761,
      0.7026499697988492
    ],
    [
      0.7203090248879069,
      5157.340465202296,
      0.7203090248879069,
      0.7203090248879069,
      -5155.899847152521,
      0.7203090248879069
    ],
    [
      0.7375131173581739,
      5157.357669294767,
      0.7375131173581739,
      0.7375131173581739,
      -5155.88264306005,
      0.7375131173581739
    ],
    [
      0.7542513807361038,
      5157.374407558144,
      0.7542513807361038,
      0.7542513807361038,
      -5155.865904796673,
      0.7542513807361038
    ],
    [
      0.7705132427757893,
      5157.390669420184,
      0.7705132427757893,
      0.7705132427757893,
      -5155.849642934633,
      0.7705132427757893
    ],
    [
      0.7862884321366189,
      5157.406444609545,
      0.7862884321366189,
      0.7862884321366189,
      -5155.833867745272,
      0.7862884321366189
    ],
    [
      0.8015669848708765,
      5157.42172316228,
      0.8015669848708765,
      0.8015669848708765,
      -5155.818589192538,
      0.8015669848708765
    ],
    [
      0.8163392507171839,
      5157.436495428125,
      0.8163392507171839,
      0.8163392507171839,
      -5155.803816926692,
      0.8163392507171839
    ],
    [
      0.8305958991958126,
      5157.450752076605,
      0.8305958991958126,
      0.8305958991958126,
      -5155.789560278213,
      0.8305958991958126
    ],
    [
      0.8443279255020151,
      5157.46448410291,
      0.8443279255020151,
      0.8443279255020151,
      -5155.775828251907,
      0.8443279255020151
    ],
    [
      0.8575266561936523,
      5157.477682833603,
      0.8575266561936523,
      0.8575266561936523,
      -5155.762629521215,
      0.8575266561936523
    ],
    [
      0.8701837546695257,
      5157.490339932078,
      0.8701837546695257,
      0.8701837546695257,
      -5155.749972422739,
      0.8701837546695257
    ],
    [
      0.8822912264349533,
      5157.502447403844,
      0.8822912264349533,
      0.8822912264349533,
      -5155.737864950974,
      0.8822912264349533
    ],
    [
      0.8938414241512638,
      5157.51399760156,
      0.8938414241512638,
      0.8938414241512638,
      -5155.726314753258,
      0.8938414241512638
    ],
    [
      0.9048270524660196,
      5157.524983229875,
      0.9048270524660196,
      0.9048270524660196,
      -5155.715329124942,
      0.9048270524660196
    ],
    [
      0.9152411726209175,
      5157.53539735003,
      0.9152411726209175,
      0.9152411726209175,
      -5155.704915004788,
      0.9152411726209175
    ],
    [
      0.925077206834458,
      5157.545233384243,
      0.925077206834458,
      0.925077206834458,
      -5155.695078970574,
