{
  "dt_sec": 0.02,
  "points_deg": [
    [
      164.45361221788113,
      5321.068153408898,
      164.4157970034025,
      164.402790861453,
      -4992.15216271887,
      164.35328730795374
    ],
    [
      165.08027838570266,
      5321.69481957672,
      165.04246317122403,
      165.02945702927454,
      -4991.5254965510485,
      164.97995347577526
    ],
    [
      165.6970616537054,
      5322.311602844722,
      165.65924643922676,
      165.64624029727727,
      -4990.908713283046,
      165.596736743778
    ],
    [
      166.29423498130453,
      5322.908776172321,
      166.2564197668259,
      166.2434136248764,
      -4990.311539955447,
      166.19391007137713
    ],
    [
      166.8623805883897,
      5323.476921779406,
      166.82456537391107,
      166.81155923196158,
      -4989.743394348362,
      166.7620556784623
    ],
    [
      167.3925384793435,
      5324.00707967036,
      167.35472326486487,
      167.34171712291538,
      -4989.213236457408,
      167.2922135694161
    ],
    [
      167.87634774752456,
      5324.4908889385415,
      167.83853253304594,
      167.82552639109645,
      -4988.729427189227,
      167.77602283759717
    ],
    [
      168.3061784317601,
      5324.920719622777,
      168.26836321728146,
      168.25535707533197,
      -4988.299596504991,
      168.2058535218327
    ],
    [
      168.67525184539122,
      5325.289793036408,
      168.6374366309126,
      168.6244304889631,
      -4987.930523091361,
      168.57492693546382
    ],
    [
      168.97774748021124,
      5325.592288671228,
      168.9399322657326,
      168.92692612378312,
      -4987.628027456541,
      168.87742257028384
    ],
    [
      169.2088947993569,
      5325.823435990374,
      169.17107958487827,
      169.15807344292878,
      -4987.396880137395,
      169.1085698894295
    ],
    [
      169.36504847152457,
      5325.979589662542,
      169.32723325704595,
      169.31422711509646,
      -4987.2407264652265,
      169.26472356159718
    ],
    [
      169.4437458600225,
      5326.05828705104,
      169.40593064554386,
      169.39292450359437,
      -4987.162029076729,
      169.3434209500951
    ],
    [
      169.4437458600225,
      5326.05828705104,
      169.40593064554386,
      169.39292450359437,
      -4987.162029076729,
      169.3434209500951
    ],
    [
      169.36504847152457,
      5325.979589662542,
      169.32723325704595,
      169.31422711509646,
      -4987.2407264652265,
      169.26472356159718
    ],
    [
      169.2088947993569,
      5325.823435990374,
      169.17107958487827,
      169.15807344292878,
      -4987.396880137395,
      169.1085698894295
    ],
    [
      168.97774748021124,
      5325.592288671228,
      168.9399322657326,
      168.92692612378312,
      -4987.628027456541,
      168.87742257028384
    ],
    [
      168.67525184539122,
      5325.289793036408,
      168.6374366309126,
      168.6244304889631,
      -4987.930523091361,
      168.57492693546382
    ],
    [
      168.3061784317601,
      5324.920719622777,
      168.26836321728146,
      168.25535707533197,
      -4988.299596504991,
      168.2058535218327
    ],
    [
      167.87634774752456,
      5324.4908889385415,
      167.83853253304594,
      167.82552639109645,
      -4988.729427189227,
      167.77602283759717
    ],
    [
      167.3925384793435,
      5324.00707967036,
      167.35472326486487,
      167.34171712291538,
      -4989.213236457408,
      167.2922135694161
    ],
    [
      166.8623805883897,
      5323.476921779406,
      166.82456537391107,
      166.81155923196158,
      -4989.743394348362,
      166.7620556784623
    ],
    [
      166.29423498130453,
      5322.908776172321,
      166.2564197668259,
      166.2434136248764,
      -4990.311539955447,
      166.19391007137713
    ],
    [
      165.6970616537054,
      5322.311602844722,
      165.65924643922676,
      165.64624029727727,
      -4990.908713283046,
      165.596736743778
    ],
    [
      165.08027838570266,
      5321.69481957672,
      165.04246317122403,
      165.02945702927454,
      -4991.5254965510485,
      164.97995347577526
    ],
    [
      164.45361221788113,
      5321.068153408898,
      164.4157970034025,
      164.402790861453,
      -4992.15216271887,
      164.35328730795374
    ],
    [
      163.8269460500596,
      5320.441487241076,
      163.78913083558098,
      163.7761246936315,
      -4992.778828886692,
      163.7266211401322
    ],
    [
      163.21016278205684,
      5319.824703973074,
      163.1723475675782,
      163.15934142562872,
      -4993.395612154694,
      163.10983787212945
    ],
    [
      162.61298945445773,
      5319.227530645475,
      162.5751742399791,
      162.56216809802962,
      -4993.992785482294,
      162.51266454453034
    ],
    [
      162.04484384737256,
      5318.65938503839,
      162.00702863289393,
      161.99402249094445,
      -4994.560931089379,
      161.94451893744517
    ],
    [
      161.51468595641876,
      5318.129227147436,
      161.47687074194013,
      161.46386459999064,
      -4995.091088980333,
      161.41436104649136
    ],
    [
      161.0308766882377,
      5317.645417879255,
      160.99306147375907,
      160.98005533180958,
      -4995.574898248514,
      160.9305517783103
    ],
    [
      160.60104600400217,
      5317.215587195019,
      160.56323078952354,
      160.55022464757405,
      -4996.0047289327495,
      160.50072109407478
    ],
    [
      160.23197259037104,
      5316.846513781388,
      160.19415737589242,
      160.18115123394293,
      -4996.37380234638,
      160.13164768044365
    ],
    [
      159.92947695555102,
      5316.544018146568,
      159.8916617410724,
      159.8786555991229,
      -4996.6762979812,
      159.82915204562363
    ],
    [
      159.69832963640536,
      5316.312870827423,
      159.66051442192673,
      159.64750827997725,
      -4996.907445300346,
      159.59800472647797
    ],
    [
      159.54217596423769,
      5316.156717155254,
      159.50436074975906,
      159.49135460780957,
      -4997.063598972514,
      159.4418510543103
    ],
    [
      159.46347857573977,
      5316.078019766756,
      159.42566336126114,
      159.41265721931165,
      -4997.142296361012,
      159.36315366581238
    ],
    [
      159.46347857573977,
      5316.078019766756,
      159.42566336126114,
      159.41265721931165,
      -4997.142296361012,
      159.36315366581238
    ],
    [
      159.54217596423769,
      5316.156717155254,
      159.50436074975906,
      159.49135460780957,
      -4997.063598972514,
      159.4418510543103
    ],
    [
      159.69832963640536,
      5316.312870827423,
      159.66051442192673,
      159.64750827997725,
      -4996.907445300346,
      159.59800472647797
    ],
    [
      159.92947695555102,
      5316.544018146568,
      159.8916617410724,
      159.8786555991229,
      -4996.6762979812,
      159.82915204562363
    ],
    [
      160.23197259037104,
      5316.846513781388,
      160.19415737589242,
      160.18115123394293,
      -4996.37380234638,
      160.13164768044365
    ],
    [
      160.60104600400217,
      5317.215587195019,
      160.56323078952354,
      160.55022464757405,
      -4996.0047289327495,
      160.50072109407478
    ],
    [
      161.0308766882377,
      5317.645417879255,
      160.99306147375907,
      160.98005533180958,
      -4995.574898248514,
      160.9305517783103
    ],
    [
      161.51468595641876,
      5318.129227147436,
      161.47687074194013,
      161.46386459999064,
      -4995.091088980333,
      161.41436104649136
    ],
    [
      162.04484384737256,
      5318.65938503839,
      162.00702863289393,
      161.99402249094445,
      -4994.560931089379,
      161.94451893744517
    ],
    [
      162.61298945445773,
      5319.227530645475,
      162.5751742399791,
      162.56216809802962,
      -4993.992785482294,
      162.51266454453034
    ],
    [
